{"i":"1.0.7","v":{"PTinder\/PTDServices\/AppService.swift":{"t":[{"t":"i","v":{"ln":17,"l":7,"v":"Foundation","o":88}},{"t":"i","v":{"ln":14,"l":8,"v":"RxSwift","o":106}},{"t":"t","v":{"ln":932,"l":17,"v":{"t":{"k":"c","v":[{"n":"AppServiceImpl","g":[]}]},"a":"i"},"o":369}},{"t":"reg","v":{"ln":40,"l":26,"v":{"n":"repoRandomUser","s":"p","c":[],"a":{"k":"c","v":[{"n":"RandomUserRepository","g":[]}]},"t":{"k":"c","v":[{"n":"RandomUserRepositoryImpl","g":[]}]}},"o":672}},{"t":"reg","v":{"ln":34,"l":29,"v":{"n":"repoAppData","s":"p","c":[],"a":{"k":"c","v":[{"n":"AppDataRepository","g":[]}]},"t":{"k":"c","v":[{"n":"AppDataRepositoryImpl","g":[]}]}},"o":783}},{"t":"te","v":{"ln":1,"l":48,"v":"_ }","o":1300}}],"u":629788554.08361304},"PTinder\/PTDUIScreens\/FavoriteList\/FavoriteListViewModel.swift":{"t":[{"t":"i","v":{"ln":17,"l":7,"v":"Foundation","o":99}},{"t":"i","v":{"ln":14,"l":8,"v":"RxSwift","o":117}},{"t":"i","v":{"ln":14,"l":9,"v":"RxCocoa","o":132}},{"t":"t","v":{"ln":2268,"l":11,"v":{"t":{"k":"c","v":[{"n":"FavoriteListViewModel","g":[]}]},"a":"i"},"o":148}},{"t":"t","v":{"ln":103,"l":12,"v":{"t":{"k":"c","v":[{"n":"Input","g":[]}]},"a":"i"},"o":257}},{"t":"te","v":{"ln":1,"l":15,"v":"_ }","o":359}},{"t":"t","v":{"ln":181,"l":17,"v":{"t":{"k":"c","v":[{"n":"Output","g":[]}]},"a":"i"},"o":370}},{"t":"te","v":{"ln":1,"l":22,"v":"_ }","o":550}},{"t":"reg","v":{"ln":26,"l":24,"v":{"n":"appService","s":"p","c":[],"a":{"k":"c","v":[{"n":"AppService","g":[]}]},"t":{"k":"c","v":[{"n":"AppServiceImpl","g":[]}]}},"o":615}},{"t":"te","v":{"ln":1,"l":69,"v":"_ }","o":2415}}],"u":629788554.11243999},"PTinder\/PTDRepositories\/AppDataRepository.swift":{"t":[{"t":"i","v":{"ln":17,"l":7,"v":"Foundation","o":95}},{"t":"i","v":{"ln":14,"l":8,"v":"RxSwift","o":113}},{"t":"i","v":{"ln":15,"l":9,"v":"CoreData","o":128}},{"t":"t","v":{"ln":1761,"l":17,"v":{"t":{"k":"c","v":[{"n":"AppDataRepositoryImpl","g":[]}]},"a":"i"},"o":339}},{"t":"reg","v":{"ln":41,"l":21,"v":{"n":"coreDataStack","s":"c","c":[],"a":{"k":"c","v":[]},"t":{"k":"c","v":[{"n":"CoreDataStack","g":[]}]}},"o":473}},{"t":"te","v":{"ln":1,"l":78,"v":"_ }","o":2099}}],"u":629788554.07769501},"PTinder\/AppDelegate.swift":{"t":[{"t":"i","v":{"ln":12,"l":7,"v":"UIKit","o":89}},{"t":"i","v":{"ln":15,"l":8,"v":"CoreData","o":102}},{"t":"t","v":{"ln":793,"l":11,"v":{"t":{"k":"c","v":[{"n":"AppDelegate","g":[]}]},"a":"i"},"o":125}},{"t":"reg","v":{"ln":40,"l":17,"v":{"n":"rootViewController","s":"p","c":[],"a":{"k":"c","v":[{"n":"UIViewController","g":[]}]},"t":{"k":"c","v":[{"n":"MainTabViewController","g":[]}]}},"o":378}},{"t":"reg","v":{"ln":26,"l":20,"v":{"n":"appService","s":"p","c":[],"a":{"k":"c","v":[{"n":"AppService","g":[]}]},"t":{"k":"c","v":[{"n":"AppServiceImpl","g":[]}]}},"o":527}},{"t":"c","v":{"ln":26,"l":20,"v":{"a":{"n":"b","v":"AppDelegate.makeAppService"},"t":"appService"},"o":527}},{"t":"te","v":{"ln":1,"l":30,"v":"_ }","o":917}},{"t":"a","v":{"ln":183,"l":32,"v":"{","o":920}},{"t":"ae","v":{"ln":1,"l":36,"v":"}","o":1102}}],"u":629788554.07260203},"PTinder\/PTDUIScreens\/Browse\/BrowseViewController.swift":{"t":[{"t":"i","v":{"ln":12,"l":7,"v":"UIKit","o":98}},{"t":"i","v":{"ln":17,"l":8,"v":"RxAppState","o":111}},{"t":"i","v":{"ln":14,"l":9,"v":"RxSwift","o":129}},{"t":"i","v":{"ln":14,"l":10,"v":"RxCocoa","o":144}},{"t":"t","v":{"ln":3648,"l":12,"v":{"t":{"k":"c","v":[{"n":"BrowseViewController","g":[]}]},"a":"i"},"o":160}},{"t":"reg","v":{"ln":30,"l":22,"v":{"n":"viewModel","s":"p","c":[],"a":{"k":"c","v":[]},"t":{"k":"c","v":[{"n":"BrowseViewModel","g":[]}]}},"o":481}},{"t":"reg","v":{"ln":48,"l":25,"v":{"n":"favoriteListViewController","s":"p","c":[],"a":{"k":"c","v":[{"n":"UIViewController","g":[]}]},"t":{"k":"c","v":[{"n":"FavoriteListViewController","g":[]}]}},"o":601}},{"t":"c","v":{"ln":48,"l":25,"v":{"a":{"n":"o","v":true},"t":"favoriteListViewController"},"o":601}},{"t":"te","v":{"ln":1,"l":121,"v":"_ }","o":3807}}],"u":629788554.09293699},"PTinder\/PTDUIScreens\/Browse\/BrowseViewModel.swift":{"t":[{"t":"i","v":{"ln":17,"l":7,"v":"Foundation","o":93}},{"t":"i","v":{"ln":14,"l":8,"v":"RxSwift","o":111}},{"t":"i","v":{"ln":14,"l":9,"v":"RxCocoa","o":126}},{"t":"t","v":{"ln":1593,"l":11,"v":{"t":{"k":"c","v":[{"n":"BrowseViewModel","g":[]}]},"a":"i"},"o":142}},{"t":"t","v":{"ln":139,"l":12,"v":{"t":{"k":"c","v":[{"n":"Input","g":[]}]},"a":"i"},"o":233}},{"t":"te","v":{"ln":1,"l":16,"v":"_ }","o":371}},{"t":"t","v":{"ln":158,"l":18,"v":{"t":{"k":"c","v":[{"n":"Output","g":[]}]},"a":"i"},"o":382}},{"t":"te","v":{"ln":1,"l":23,"v":"_ }","o":539}},{"t":"reg","v":{"ln":26,"l":25,"v":{"n":"appService","s":"p","c":[],"a":{"k":"c","v":[{"n":"AppService","g":[]}]},"t":{"k":"c","v":[{"n":"AppServiceImpl","g":[]}]}},"o":604}},{"t":"te","v":{"ln":1,"l":59,"v":"_ }","o":1734}}],"u":629788554.09821796},"PTinder\/PTDUIScreens\/Main\/MainTabViewController.swift":{"t":[{"t":"i","v":{"ln":17,"l":7,"v":"Foundation","o":99}},{"t":"i","v":{"ln":12,"l":8,"v":"UIKit","o":117}},{"t":"i","v":{"ln":13,"l":9,"v":"Rswift","o":130}},{"t":"t","v":{"ln":1350,"l":11,"v":{"t":{"k":"c","v":[{"n":"MainTabViewController","g":[]}]},"a":"i"},"o":145}},{"t":"reg","v":{"ln":42,"l":21,"v":{"n":"browseViewController","s":"p","c":[],"a":{"k":"c","v":[{"n":"UIViewController","g":[]}]},"t":{"k":"c","v":[{"n":"BrowseViewController","g":[]}]}},"o":503}},{"t":"c","v":{"ln":42,"l":21,"v":{"a":{"n":"o","v":true},"t":"browseViewController"},"o":503}},{"t":"te","v":{"ln":1,"l":40,"v":"_ }","o":1494}}],"u":629788554.11734104},"PTinder\/PTDUIScreens\/FavoriteList\/FavoriteListViewController.swift":{"t":[{"t":"i","v":{"ln":12,"l":7,"v":"UIKit","o":104}},{"t":"i","v":{"ln":14,"l":8,"v":"SnapKit","o":117}},{"t":"i","v":{"ln":14,"l":9,"v":"RxSwift","o":132}},{"t":"i","v":{"ln":14,"l":10,"v":"RxCocoa","o":147}},{"t":"i","v":{"ln":17,"l":11,"v":"RxAppState","o":162}},{"t":"i","v":{"ln":20,"l":12,"v":"RxDataSources","o":180}},{"t":"t","v":{"ln":3819,"l":14,"v":{"t":{"k":"c","v":[{"n":"FavoriteListViewController","g":[]}]},"a":"i"},"o":202}},{"t":"reg","v":{"ln":36,"l":24,"v":{"n":"viewModel","s":"p","c":[],"a":{"k":"c","v":[]},"t":{"k":"c","v":[{"n":"FavoriteListViewModel","g":[]}]}},"o":545}},{"t":"te","v":{"ln":1,"l":111,"v":"_ }","o":4020}},{"t":"a","v":{"ln":181,"l":113,"v":"{","o":4023}},{"t":"ae","v":{"ln":1,"l":117,"v":"}","o":4203}}],"u":629788554.10641098}}}